МВД;21.09.2001;JJJ@gnail.com;popit;false
МВД;21.09.2001;JJJ@gnail.com;popit;false
МВД;21.09.2001;JJJ@gnail.com;popit;false
Д;21.09;JJJ@gnail.com;popit;false
МВД;21.09.2001;JJJ@gnail.com;popit;false
Д;21.09;JJJ@gnail.com;popit;false
KJJKJNJKN;21.09.2001;JJJ@gnail.com;popit;false
KJJKJNJKN;21.09.2001;JJJ@gnail.com;popit;false
KJJKJNJKN;21.09.2001;JJJ@gnail.com;popit;false
GelyaSokolova;21.09.2001;JJJ@gnail.com;popit;false
ШКД;21.09.2001;JJJ@gmail.com;popit;false
MVd;21.09.2001;JJ@gmail.com;popit;false
mvd;21.09.2001;g@gnail.com;popit;false
mvd;21.09.2001;J@gnail.com;popit;false
SAD;06.04.2001;sokol@yandex.ru;sokpis;false
MVd;21.09.2001;vm@gmail.com;popit;false
mvd;21.09.2001;v@gnail.com;popit;false
